pressure,composition,Q,species,filename
0.0333333,1,0.048583,H2,10.1016j.carbon.2013.07.061.Isotherm31
0.106667,1,0.0850202,H2,10.1016j.carbon.2013.07.061.Isotherm31
0.213333,1,0.182186,H2,10.1016j.carbon.2013.07.061.Isotherm31
0.506667,1,0.425101,H2,10.1016j.carbon.2013.07.061.Isotherm31
0.826667,1,0.716599,H2,10.1016j.carbon.2013.07.061.Isotherm31
1.02,1,0.874494,H2,10.1016j.carbon.2013.07.061.Isotherm31
1.34,1,1.02024,H2,10.1016j.carbon.2013.07.061.Isotherm31
1.67333,1,1.28745,H2,10.1016j.carbon.2013.07.061.Isotherm31
