pressure,composition,Q,species,filename
9.3361,1,0.708447,H2,10.1016j.micromeso.2010.09.013.Isotherm22
19.7095,1,1.19891,H2,10.1016j.micromeso.2010.09.013.Isotherm22
49.7925,1,3.05177,H2,10.1016j.micromeso.2010.09.013.Isotherm22
62.2407,1,3.76022,H2,10.1016j.micromeso.2010.09.013.Isotherm22
81.9502,1,4.68665,H2,10.1016j.micromeso.2010.09.013.Isotherm22
97.5104,1,5.3951,H2,10.1016j.micromeso.2010.09.013.Isotherm22
118.257,1,6.26703,H2,10.1016j.micromeso.2010.09.013.Isotherm22
156.639,1,7.73842,H2,10.1016j.micromeso.2010.09.013.Isotherm22
185.685,1,8.77384,H2,10.1016j.micromeso.2010.09.013.Isotherm22
212.656,1,9.59128,H2,10.1016j.micromeso.2010.09.013.Isotherm22
236.515,1,10.4632,H2,10.1016j.micromeso.2010.09.013.Isotherm22
250,1,10.7357,H2,10.1016j.micromeso.2010.09.013.Isotherm22
269.71,1,11.2262,H2,10.1016j.micromeso.2010.09.013.Isotherm22
315.353,1,12.2616,H2,10.1016j.micromeso.2010.09.013.Isotherm22
320.539,1,12.4796,H2,10.1016j.micromeso.2010.09.013.Isotherm22
358.921,1,13.3515,H2,10.1016j.micromeso.2010.09.013.Isotherm22
389.004,1,14.1689,H2,10.1016j.micromeso.2010.09.013.Isotherm22
419.087,1,14.7139,H2,10.1016j.micromeso.2010.09.013.Isotherm22
457.469,1,15.4768,H2,10.1016j.micromeso.2010.09.013.Isotherm22
473.029,1,15.7493,H2,10.1016j.micromeso.2010.09.013.Isotherm22
489.627,1,16.0218,H2,10.1016j.micromeso.2010.09.013.Isotherm22
13.4855,1,0.926431,H2,10.1016j.micromeso.2010.09.013.Isotherm23
39.4191,1,2.45232,H2,10.1016j.micromeso.2010.09.013.Isotherm23
57.0539,1,3.43324,H2,10.1016j.micromeso.2010.09.013.Isotherm23
66.39,1,3.92371,H2,10.1016j.micromeso.2010.09.013.Isotherm23
73.6515,1,4.30518,H2,10.1016j.micromeso.2010.09.013.Isotherm23
87.1369,1,4.85014,H2,10.1016j.micromeso.2010.09.013.Isotherm23
94.3983,1,5.17711,H2,10.1016j.micromeso.2010.09.013.Isotherm23
101.66,1,5.50409,H2,10.1016j.micromeso.2010.09.013.Isotherm23
109.959,1,5.88556,H2,10.1016j.micromeso.2010.09.013.Isotherm23
118.257,1,6.37602,H2,10.1016j.micromeso.2010.09.013.Isotherm23
126.556,1,6.59401,H2,10.1016j.micromeso.2010.09.013.Isotherm23
134.855,1,6.92098,H2,10.1016j.micromeso.2010.09.013.Isotherm23
143.154,1,7.19346,H2,10.1016j.micromeso.2010.09.013.Isotherm23
150.415,1,7.52044,H2,10.1016j.micromeso.2010.09.013.Isotherm23
160.788,1,7.90191,H2,10.1016j.micromeso.2010.09.013.Isotherm23
168.05,1,8.17439,H2,10.1016j.micromeso.2010.09.013.Isotherm23
177.386,1,8.44687,H2,10.1016j.micromeso.2010.09.013.Isotherm23
184.647,1,8.88283,H2,10.1016j.micromeso.2010.09.013.Isotherm23
193.983,1,8.99183,H2,10.1016j.micromeso.2010.09.013.Isotherm23
203.32,1,9.20981,H2,10.1016j.micromeso.2010.09.013.Isotherm23
215.768,1,9.64578,H2,10.1016j.micromeso.2010.09.013.Isotherm23
224.066,1,9.91826,H2,10.1016j.micromeso.2010.09.013.Isotherm23
232.365,1,10.2452,H2,10.1016j.micromeso.2010.09.013.Isotherm23
251.037,1,10.7357,H2,10.1016j.micromeso.2010.09.013.Isotherm23
260.373,1,10.9537,H2,10.1016j.micromeso.2010.09.013.Isotherm23
272.822,1,11.2262,H2,10.1016j.micromeso.2010.09.013.Isotherm23
281.12,1,11.4986,H2,10.1016j.micromeso.2010.09.013.Isotherm23
290.456,1,11.7166,H2,10.1016j.micromeso.2010.09.013.Isotherm23
299.793,1,11.8801,H2,10.1016j.micromeso.2010.09.013.Isotherm23
309.129,1,12.0981,H2,10.1016j.micromeso.2010.09.013.Isotherm23
319.502,1,12.5886,H2,10.1016j.micromeso.2010.09.013.Isotherm23
328.838,1,12.6431,H2,10.1016j.micromeso.2010.09.013.Isotherm23
338.174,1,12.861,H2,10.1016j.micromeso.2010.09.013.Isotherm23
347.51,1,13.079,H2,10.1016j.micromeso.2010.09.013.Isotherm23
364.108,1,13.4605,H2,10.1016j.micromeso.2010.09.013.Isotherm23
373.444,1,13.733,H2,10.1016j.micromeso.2010.09.013.Isotherm23
381.743,1,13.951,H2,10.1016j.micromeso.2010.09.013.Isotherm23
392.116,1,14.2779,H2,10.1016j.micromeso.2010.09.013.Isotherm23
401.452,1,14.4414,H2,10.1016j.micromeso.2010.09.013.Isotherm23
410.788,1,14.5504,H2,10.1016j.micromeso.2010.09.013.Isotherm23
420.124,1,14.6594,H2,10.1016j.micromeso.2010.09.013.Isotherm23
425.311,1,14.8774,H2,10.1016j.micromeso.2010.09.013.Isotherm23
434.647,1,15.0409,H2,10.1016j.micromeso.2010.09.013.Isotherm23
443.983,1,15.2044,H2,10.1016j.micromeso.2010.09.013.Isotherm23
453.32,1,15.4223,H2,10.1016j.micromeso.2010.09.013.Isotherm23
465.768,1,15.7493,H2,10.1016j.micromeso.2010.09.013.Isotherm23
488.589,1,16.0218,H2,10.1016j.micromeso.2010.09.013.Isotherm23
48.7552,1,2.17984,H2,10.1016j.micromeso.2010.09.013.Isotherm28
63.278,1,2.7248,H2,10.1016j.micromeso.2010.09.013.Isotherm28
82.9876,1,3.32425,H2,10.1016j.micromeso.2010.09.013.Isotherm28
97.5104,1,3.76022,H2,10.1016j.micromeso.2010.09.013.Isotherm28
120.332,1,4.35967,H2,10.1016j.micromeso.2010.09.013.Isotherm28
157.676,1,5.2861,H2,10.1016j.micromeso.2010.09.013.Isotherm28
185.685,1,5.77657,H2,10.1016j.micromeso.2010.09.013.Isotherm28
211.618,1,6.26703,H2,10.1016j.micromeso.2010.09.013.Isotherm28
237.552,1,6.81199,H2,10.1016j.micromeso.2010.09.013.Isotherm28
248.963,1,6.92098,H2,10.1016j.micromeso.2010.09.013.Isotherm28
270.747,1,7.13896,H2,10.1016j.micromeso.2010.09.013.Isotherm28
314.315,1,7.68392,H2,10.1016j.micromeso.2010.09.013.Isotherm28
321.577,1,7.84741,H2,10.1016j.micromeso.2010.09.013.Isotherm28
359.959,1,8.33787,H2,10.1016j.micromeso.2010.09.013.Isotherm28
389.004,1,8.71935,H2,10.1016j.micromeso.2010.09.013.Isotherm28
420.124,1,8.93733,H2,10.1016j.micromeso.2010.09.013.Isotherm28
457.469,1,9.26431,H2,10.1016j.micromeso.2010.09.013.Isotherm28
474.066,1,9.3733,H2,10.1016j.micromeso.2010.09.013.Isotherm28
490.664,1,9.42779,H2,10.1016j.micromeso.2010.09.013.Isotherm28
30.083,1,1.3079,H2,10.1016j.micromeso.2010.09.013.Isotherm29
46.6805,1,2.07084,H2,10.1016j.micromeso.2010.09.013.Isotherm29
66.39,1,2.77929,H2,10.1016j.micromeso.2010.09.013.Isotherm29
74.6888,1,3.05177,H2,10.1016j.micromeso.2010.09.013.Isotherm29
81.9502,1,3.32425,H2,10.1016j.micromeso.2010.09.013.Isotherm29
90.249,1,3.54223,H2,10.1016j.micromeso.2010.09.013.Isotherm29
101.66,1,3.86921,H2,10.1016j.micromeso.2010.09.013.Isotherm29
110.996,1,4.08719,H2,10.1016j.micromeso.2010.09.013.Isotherm29
122.407,1,4.35967,H2,10.1016j.micromeso.2010.09.013.Isotherm29
131.743,1,4.57766,H2,10.1016j.micromeso.2010.09.013.Isotherm29
141.079,1,4.85014,H2,10.1016j.micromeso.2010.09.013.Isotherm29
150.415,1,5.06812,H2,10.1016j.micromeso.2010.09.013.Isotherm29
159.751,1,5.2861,H2,10.1016j.micromeso.2010.09.013.Isotherm29
169.087,1,5.50409,H2,10.1016j.micromeso.2010.09.013.Isotherm29
178.423,1,5.66757,H2,10.1016j.micromeso.2010.09.013.Isotherm29
188.797,1,5.83106,H2,10.1016j.micromeso.2010.09.013.Isotherm29
198.133,1,6.04905,H2,10.1016j.micromeso.2010.09.013.Isotherm29
208.506,1,6.21253,H2,10.1016j.micromeso.2010.09.013.Isotherm29
214.73,1,6.32153,H2,10.1016j.micromeso.2010.09.013.Isotherm29
223.029,1,6.48501,H2,10.1016j.micromeso.2010.09.013.Isotherm29
233.402,1,6.703,H2,10.1016j.micromeso.2010.09.013.Isotherm29
253.112,1,6.97548,H2,10.1016j.micromeso.2010.09.013.Isotherm29
263.485,1,7.08447,H2,10.1016j.micromeso.2010.09.013.Isotherm29
272.822,1,7.19346,H2,10.1016j.micromeso.2010.09.013.Isotherm29
282.158,1,7.30245,H2,10.1016j.micromeso.2010.09.013.Isotherm29
291.494,1,7.41144,H2,10.1016j.micromeso.2010.09.013.Isotherm29
300.83,1,7.52044,H2,10.1016j.micromeso.2010.09.013.Isotherm29
311.203,1,7.68392,H2,10.1016j.micromeso.2010.09.013.Isotherm29
324.689,1,7.90191,H2,10.1016j.micromeso.2010.09.013.Isotherm29
335.062,1,7.9564,H2,10.1016j.micromeso.2010.09.013.Isotherm29
344.398,1,8.0654,H2,10.1016j.micromeso.2010.09.013.Isotherm29
354.772,1,8.17439,H2,10.1016j.micromeso.2010.09.013.Isotherm29
363.071,1,8.33787,H2,10.1016j.micromeso.2010.09.013.Isotherm29
373.444,1,8.44687,H2,10.1016j.micromeso.2010.09.013.Isotherm29
382.78,1,8.55586,H2,10.1016j.micromeso.2010.09.013.Isotherm29
392.116,1,8.71935,H2,10.1016j.micromeso.2010.09.013.Isotherm29
401.452,1,8.82834,H2,10.1016j.micromeso.2010.09.013.Isotherm29
410.788,1,8.82834,H2,10.1016j.micromeso.2010.09.013.Isotherm29
424.274,1,8.93733,H2,10.1016j.micromeso.2010.09.013.Isotherm29
434.647,1,9.04632,H2,10.1016j.micromeso.2010.09.013.Isotherm29
443.983,1,9.15531,H2,10.1016j.micromeso.2010.09.013.Isotherm29
454.357,1,9.26431,H2,10.1016j.micromeso.2010.09.013.Isotherm29
475.104,1,9.3733,H2,10.1016j.micromeso.2010.09.013.Isotherm29
485.477,1,9.48229,H2,10.1016j.micromeso.2010.09.013.Isotherm29
49.7925,1,1.63488,H2,10.1016j.micromeso.2010.09.013.Isotherm34
63.278,1,1.96185,H2,10.1016j.micromeso.2010.09.013.Isotherm34
82.9876,1,2.45232,H2,10.1016j.micromeso.2010.09.013.Isotherm34
98.5477,1,2.83379,H2,10.1016j.micromeso.2010.09.013.Isotherm34
120.332,1,3.21526,H2,10.1016j.micromeso.2010.09.013.Isotherm34
157.676,1,3.70572,H2,10.1016j.micromeso.2010.09.013.Isotherm34
187.759,1,4.0327,H2,10.1016j.micromeso.2010.09.013.Isotherm34
212.656,1,4.25068,H2,10.1016j.micromeso.2010.09.013.Isotherm34
237.552,1,4.63215,H2,10.1016j.micromeso.2010.09.013.Isotherm34
247.925,1,4.63215,H2,10.1016j.micromeso.2010.09.013.Isotherm34
271.784,1,4.79564,H2,10.1016j.micromeso.2010.09.013.Isotherm34
315.353,1,4.95913,H2,10.1016j.micromeso.2010.09.013.Isotherm34
321.577,1,5.06812,H2,10.1016j.micromeso.2010.09.013.Isotherm34
360.996,1,5.17711,H2,10.1016j.micromeso.2010.09.013.Isotherm34
390.041,1,5.3406,H2,10.1016j.micromeso.2010.09.013.Isotherm34
421.162,1,5.44959,H2,10.1016j.micromeso.2010.09.013.Isotherm34
458.506,1,5.55858,H2,10.1016j.micromeso.2010.09.013.Isotherm34
473.029,1,5.55858,H2,10.1016j.micromeso.2010.09.013.Isotherm34
490.664,1,5.50409,H2,10.1016j.micromeso.2010.09.013.Isotherm34
63.278,1,1.96185,H2,10.1016j.micromeso.2010.09.013.Isotherm35
81.9502,1,2.50681,H2,10.1016j.micromeso.2010.09.013.Isotherm35
109.959,1,2.99728,H2,10.1016j.micromeso.2010.09.013.Isotherm35
125.519,1,3.32425,H2,10.1016j.micromeso.2010.09.013.Isotherm35
158.714,1,3.81471,H2,10.1016j.micromeso.2010.09.013.Isotherm35
178.423,1,3.9782,H2,10.1016j.micromeso.2010.09.013.Isotherm35
204.357,1,4.25068,H2,10.1016j.micromeso.2010.09.013.Isotherm35
223.029,1,4.41417,H2,10.1016j.micromeso.2010.09.013.Isotherm35
239.627,1,4.63215,H2,10.1016j.micromeso.2010.09.013.Isotherm35
272.822,1,4.85014,H2,10.1016j.micromeso.2010.09.013.Isotherm35
283.195,1,4.85014,H2,10.1016j.micromeso.2010.09.013.Isotherm35
293.568,1,4.95913,H2,10.1016j.micromeso.2010.09.013.Isotherm35
303.942,1,4.95913,H2,10.1016j.micromeso.2010.09.013.Isotherm35
324.689,1,5.12262,H2,10.1016j.micromeso.2010.09.013.Isotherm35
335.062,1,5.17711,H2,10.1016j.micromeso.2010.09.013.Isotherm35
344.398,1,5.17711,H2,10.1016j.micromeso.2010.09.013.Isotherm35
354.772,1,5.23161,H2,10.1016j.micromeso.2010.09.013.Isotherm35
363.071,1,5.2861,H2,10.1016j.micromeso.2010.09.013.Isotherm35
373.444,1,5.3406,H2,10.1016j.micromeso.2010.09.013.Isotherm35
392.116,1,5.44959,H2,10.1016j.micromeso.2010.09.013.Isotherm35
402.49,1,5.50409,H2,10.1016j.micromeso.2010.09.013.Isotherm35
409.751,1,5.55858,H2,10.1016j.micromeso.2010.09.013.Isotherm35
414.938,1,5.3951,H2,10.1016j.micromeso.2010.09.013.Isotherm35
443.983,1,5.55858,H2,10.1016j.micromeso.2010.09.013.Isotherm35
469.917,1,5.55858,H2,10.1016j.micromeso.2010.09.013.Isotherm35
487.552,1,5.61308,H2,10.1016j.micromeso.2010.09.013.Isotherm35
